{"origStddev": 0.6794663182357107, "origMean": 1.9574012195770478, "predStddev": 0.07632625347758996, "predMean": 1.957401219510286}