{"origStddev": 0.0771615472853416, "origMean": 0.8078247492202649, "predStddev": 0.0071109611471527195, "predMean": 0.8083126220929997}