{"origStddevs": {"correlation": 0.9852021029248467, "fixed": 0.9852021029248467}, "origMeans": {"correlation": 0.4143016680552355, "fixed": 0.5856983319447645}, "predStddevs": {"correlation": 0.014289150779758444, "fixed": 0.01428915077975844}, "predMeans": {"correlation": 0.48061948184932596, "fixed": 0.5193805181506741}}