{"origStddev": 0.07712962368419783, "origMean": 0.8080686495301701, "predStddev": 0.006607956119811756, "predMean": 0.808294740242841}