{"origStddev": 0.4510682806142229, "origMean": 0.4510682806142229, "predStddev": 0.22622627750629204, "predMean": 1.5789702828205976}