{"origStddev": 10.268866723182128, "origMean": 15.68614503749136, "predStddev": 1.9099653558533198, "predMean": 15.686143876578264}