{"origStddev": 1.051243405286871, "origMean": 2.692441938515237, "predStddev": 0.189465921501093, "predMean": 2.7413858961223916}