{"origStddev": 0.6789487823599879, "origMean": 1.958966441641885, "predStddev": 0.02310717237266998, "predMean": 1.9818781637978309}