{"origStddev": 0.1803975666795068, "origMean": 0.1803975666795068, "predStddev": 0.02086823048531012, "predMean": 0.5504934299296717}