{"origStddev": 0.4076802559376818, "origMean": 1.5130014358392574, "predStddev": 0.1888233603426821, "predMean": 1.5130014322985659}