{"origStddev": 0.07703899597259362, "origMean": 0.07703899597259362, "predStddev": 0.008009421621841964, "predMean": 0.8084306570471621}