{"origStddev": 3.673448619161785, "origMean": 3.673448619161785, "predStddev": 0.34729655128246373, "predMean": 4.655310423689344}