{"origStddev": 12.846656956684495, "origMean": 12.846656956684495, "predStddev": 3.5375550714237227, "predMean": 16.328953430106257}