{"origStddev": 0.6272693476957524, "origMean": 0.6272693476957524, "predStddev": 0.04835336986330121, "predMean": 0.023342386659230756}