{"origStddev": 0.5639448550279176, "origMean": 0.04186579334550546, "predStddev": 0.12138553184252344, "predMean": 0.041865771725717586}