{"origStddev": 1.052065429728897, "origMean": 2.689409602572938, "predStddev": 0.19000834452925133, "predMean": 2.724397492048539}