{"origStddev": 0.483321394501529, "origMean": 1.0810393724382228, "predStddev": 0.057090086118168265, "predMean": 1.2021374834720138}