{"origStddev": 1.0273140781708974, "origMean": 1.0273140781708974, "predStddev": 0.13951635843373958, "predMean": 2.5125879673659646}