{"origStddev": 3.6840773956258674, "origMean": 4.716919495343947, "predStddev": 0.3412401269482227, "predMean": 4.641935873140614}