{"origStddev": 0.6259793974433582, "origMean": 0.04942260522260088, "predStddev": 0.056171628670256255, "predMean": 0.007184796090720974}