{"origStddev": 0.4838691605515705, "origMean": 0.4838691605515705, "predStddev": 0.05928169763066248, "predMean": 1.2068734229804878}