{"origStddev": 0.6792193402301969, "origMean": 0.6792193402301969, "predStddev": 0.022903636426451508, "predMean": 1.9763634052629533}