{"origStddev": 0.1802499068760243, "origMean": 0.5359477618716141, "predStddev": 0.04412587986922264, "predMean": 0.5314178593438127}