{"origStddev": 1.0545911322525594, "origMean": 1.0545911322525594, "predStddev": 0.1891848542891693, "predMean": 2.728438566366481}