{"origStddev": 0.1802313028343446, "origMean": 0.5361100816119686, "predStddev": 0.019629163788924375, "predMean": 0.5488363821026574}