{"origStddev": 1.0278476969215877, "origMean": 2.517393554322514, "predStddev": 0.12956250208199743, "predMean": 2.5192450296358935}