{"origStddev": 0.6264132651787884, "origMean": 0.042278375551734526, "predStddev": 0.04556039084648112, "predMean": 0.014632639383657968}