{"origStddev": 1.0524089103181242, "origMean": 2.6895763281775387, "predStddev": 0.19623693213089222, "predMean": 2.7244840542769646}