{"origStddev": 0.48368762125013604, "origMean": 1.082701523190142, "predStddev": 0.09178734201597198, "predMean": 1.0842004038675985}