{"origStddev": 0.1802725302758033, "origMean": 0.5362204942814612, "predStddev": 0.022150139459121733, "predMean": 0.5501757314430271}