{"origStddev": 1.028739876464722, "origMean": 2.521500489442036, "predStddev": 0.1388358434214466, "predMean": 2.5196003033488}