{"origStddevs": {"age": 1.0159304688719348, "loss_rank": 0.8167064776812714, "none": 1.0231281395976595, "random": 0.8965295412387839}, "origMeans": {"age": 0.30828886958679735, "loss_rank": 0.16505504050484818, "none": 0.31636768120823217, "random": 0.2102884087001223}, "predStddevs": {"age": 0.006718354069778555, "loss_rank": 0.010546719805818668, "none": 0.009361319783828492, "random": 0.004513313372400409}, "predMeans": {"age": 0.26226364052840434, "loss_rank": 0.2322096627282965, "none": 0.2640367850676877, "random": 0.24148991167561146}}