{"origStddev": 0.6796348490990796, "origMean": 1.9581191392055022, "predStddev": 0.015229450300184189, "predMean": 1.9804754459473186}