{"origStddev": 0.45275803438430073, "origMean": 1.5139755021005796, "predStddev": 0.22679002461252648, "predMean": 1.5642477437753195}