{"origStddev": 3.69031579886576, "origMean": 4.717724409400616, "predStddev": 0.3154492725181867, "predMean": 4.743944537351499}