{"origStddev": 3.6945047485151408, "origMean": 4.720827124381405, "predStddev": 0.3210267438268669, "predMean": 4.643777401093962}