{"origStddev": 0.48418266291154877, "origMean": 1.0812937637120823, "predStddev": 0.06249415922308803, "predMean": 1.213253845034208}