{"origStddev": 0.07716616899490583, "origMean": 0.8081861112282329, "predStddev": 0.00666942286540659, "predMean": 0.8085467194433603}