{"origStddev": 0.4523548173801012, "origMean": 1.5177082202782783, "predStddev": 0.2263396996874969, "predMean": 1.5748899163449044}