{"origStddev": 12.839691266235532, "origMean": 15.665881612364062, "predStddev": 3.3197778797615785, "predMean": 16.51274142246965}