{"origStddev": 1.0291122420116472, "origMean": 2.5186364353425406, "predStddev": 0.13278164011989665, "predMean": 2.514906789253415}