{"origStddev": 12.836438135921318, "origMean": 15.669065640898374, "predStddev": 3.618553436230381, "predMean": 16.466078066573843}