{"origStddevs": {"random": 0.6705952602034726, "top": 0.6705952602034728}, "origMeans": {"random": 0.27609327637246733, "top": 0.7239067236275326}, "predStddevs": {"random": 0.003296377490845754, "top": 0.0032963774908457565}, "predMeans": {"random": 0.48880698352677526, "top": 0.5111930164732248}}