{"all_correlation_best_percentile25_ratio": {"scales": [0.16135168389171506], "means": [1.4715128232397576], "variances": [0.02603436589469194]}, "all_correlation_best_percentile50_ratio": {"scales": [0.35917294145375933], "means": [2.2536115698377803], "variances": [0.12900520187254563]}, "all_correlation_best_percentile75_ratio": {"scales": [0.9924267567061557], "means": [4.315742925050805], "variances": [0.984910867426299]}, "all_correlation_kurtosis": {"scales": [0.2723128919070864], "means": [-0.8824125507178001], "variances": [0.07415431109880054]}, "all_correlation_percentile5_percentile25_ratio": {"scales": [0.11378058779720857], "means": [1.3357255772037284], "variances": [0.012946022159478288]}, "all_correlation_skew": {"scales": [0.2262847205718491], "means": [0.25670650971438824], "variances": [0.05120477476427982]}, "all_correlation_stddev_best_ratio": {"scales": [0.01758770578753764], "means": [0.2869821665337022], "variances": [0.0003093273948689851]}, "all_correlation_stddev_median_ratio": {"scales": [0.10630065121548359], "means": [0.64677429085937], "variances": [0.011299828448835892]}, "all_loss_best_percentile25_ratio": {"scales": [0.04416027230749782], "means": [0.8430089622576462], "variances": [0.0019501296502723588]}, "all_loss_best_percentile50_ratio": {"scales": [0.06923600286468402], "means": [0.7206248194548388], "variances": [0.004793624092678535]}, "all_loss_best_percentile75_ratio": {"scales": [0.1016132617982872], "means": [0.5385553852886393], "variances": [0.010325254973287252]}, "all_loss_kurtosis": {"scales": [4.205744143455104], "means": [7.54736447222115], "variances": [17.688283800206904]}, "all_loss_percentile5_percentile25_ratio": {"scales": [0.030992414913649173], "means": [0.8974173310583669], "variances": [0.0009605297821797836]}, "all_loss_skew": {"scales": [0.6697367626468859], "means": [2.8303777699497847], "variances": [0.44854733124073115]}, "all_loss_stddev_best_ratio": {"scales": [0.8584561168039538], "means": [1.8053847067308177], "variances": [0.7369469044781236]}, "all_loss_stddev_median_ratio": {"scales": [0.5240340263169582], "means": [1.2937649030028997], "variances": [0.2746116607379624]}, "log10_cardinality": {"scales": [1.9570108570803022], "means": [12.577502133774225], "variances": [3.8298914947301794]}, "recent_10_correlation_best_percentile25_ratio": {"scales": [0.4795568395611298], "means": [2.0335102537203866], "variances": [0.2299747623698592]}, "recent_10_correlation_best_percentile50_ratio": {"scales": [1.5711586317898227], "means": [3.911962243805425], "variances": [2.468539446247668]}, "recent_10_correlation_best_percentile75_ratio": {"scales": [2.9999122235803273], "means": [6.830215747624563], "variances": [8.999473349186664]}, "recent_10_correlation_kurtosis": {"scales": [0.6150278474796249], "means": [-0.391063597893907], "variances": [0.37825925317542075]}, "recent_10_correlation_percentile5_percentile25_ratio": {"scales": [0.3462015443031967], "means": [1.7543554570440425], "variances": [0.11985550927791828]}, "recent_10_correlation_skew": {"scales": [0.33109904451384087], "means": [0.8751350920422108], "variances": [0.10962657727797837]}, "recent_10_correlation_stddev_best_ratio": {"scales": [0.0210388411555246], "means": [0.32376248859271306], "variances": [0.0004426328371673956]}, "recent_10_correlation_stddev_median_ratio": {"scales": [0.5324425262820359], "means": [1.2948652578709088], "variances": [0.28349504379359647]}, "recent_10_loss_best_percentile25_ratio": {"scales": [0.028988800733748713], "means": [0.9344196019651222], "variances": [0.0008403505679809898]}, "recent_10_loss_best_percentile50_ratio": {"scales": [0.049638898115109804], "means": [0.8723050950270278], "variances": [0.002464020206082252]}, "recent_10_loss_best_percentile75_ratio": {"scales": [0.08939109090151207], "means": [0.777165668822445], "variances": [0.007990767132562393]}, "recent_10_loss_kurtosis": {"scales": [1.8767752824533817], "means": [1.277844379513059], "variances": [3.52228546082797]}, "recent_10_loss_percentile5_percentile25_ratio": {"scales": [0.022295742623955568], "means": [0.9492993988476827], "variances": [0.000497100139153669]}, "recent_10_loss_skew": {"scales": [0.6625188453478054], "means": [1.439173466266601], "variances": [0.4389312204409892]}, "recent_10_loss_stddev_best_ratio": {"scales": [0.7583951734661171], "means": [0.8179557426707322], "variances": [0.5751632391367018]}, "recent_10_loss_stddev_median_ratio": {"scales": [0.6097366175774993], "means": [0.6673274947837919], "variances": [0.3717787428148496]}, "recent_15%_correlation_best_percentile25_ratio": {"scales": [0.45393840761592513], "means": [1.9724270278785832], "variances": [0.2060600779088818]}, "recent_15%_correlation_best_percentile50_ratio": {"scales": [1.4834660295723636], "means": [3.84963763166601], "variances": [2.2006714608951925]}, "recent_15%_correlation_best_percentile75_ratio": {"scales": [3.051516882751], "means": [7.026103992022602], "variances": [9.311755285714382]}, "recent_15%_correlation_kurtosis": {"scales": [0.5892359620131967], "means": [-0.47313178361094943], "variances": [0.34719901892961746]}, "recent_15%_correlation_percentile5_percentile25_ratio": {"scales": [0.32519581462665476], "means": [1.7069460107952092], "variances": [0.1057523178506936]}, "recent_15%_correlation_skew": {"scales": [0.32564089491222653], "means": [0.8287007675680699], "variances": [0.10604199243923576]}, "recent_15%_correlation_stddev_best_ratio": {"scales": [0.022394580826159114], "means": [0.32686082172921943], "variances": [0.0005015172503793734]}, "recent_15%_correlation_stddev_median_ratio": {"scales": [0.4974574269584646], "means": [1.2791389611816861], "variances": [0.2474638916361362]}, "recent_15%_loss_best_percentile25_ratio": {"scales": [0.026993604687419223], "means": [0.9332488242388158], "variances": [0.0007286546940206611]}, "recent_15%_loss_best_percentile50_ratio": {"scales": [0.04520981864350373], "means": [0.8730234247167296], "variances": [0.0020439277017784974]}, "recent_15%_loss_best_percentile75_ratio": {"scales": [0.0823751746186388], "means": [0.7789151021770746], "variances": [0.006785669393451234]}, "recent_15%_loss_kurtosis": {"scales": [2.4349741750215705], "means": [1.9344149154561363], "variances": [5.9290992330219785]}, "recent_15%_loss_percentile5_percentile25_ratio": {"scales": [0.020243210365024425], "means": [0.9506771512554227], "variances": [0.00040978756588263226]}, "recent_15%_loss_skew": {"scales": [0.7401734741994042], "means": [1.6499330645024157], "variances": [0.547856771908416]}, "recent_15%_loss_stddev_best_ratio": {"scales": [0.8062877780040892], "means": [0.9717049795842752], "variances": [0.6500999809587714]}, "recent_15%_loss_stddev_median_ratio": {"scales": [0.6662839892301453], "means": [0.8122982626524026], "variances": [0.4439343543044364]}, "recent_25_correlation_best_percentile25_ratio": {"scales": [0.36799201917438285], "means": [1.8178477985915322], "variances": [0.13541812617603935]}, "recent_25_correlation_best_percentile50_ratio": {"scales": [1.0695629677509018], "means": [3.2703402535136195], "variances": [1.1439649419841165]}, "recent_25_correlation_best_percentile75_ratio": {"scales": [2.1859289908866972], "means": [5.856825163124081], "variances": [4.778285553198934]}, "recent_25_correlation_kurtosis": {"scales": [0.5023452762576706], "means": [-0.5794826713328702], "variances": [0.25235077657839533]}, "recent_25_correlation_percentile5_percentile25_ratio": {"scales": [0.2640450971847677], "means": [1.595681213754055], "variances": [0.06971981334731342]}, "recent_25_correlation_skew": {"scales": [0.3159925154279737], "means": [0.6857024473651538], "variances": [0.09985126980649818]}, "recent_25_correlation_stddev_best_ratio": {"scales": [0.022633263782148607], "means": [0.31537794489689436], "variances": [0.0005122646294323199]}, "recent_25_correlation_stddev_median_ratio": {"scales": [0.36502518832294667], "means": [1.0472492986289732],