{"all_correlation_best_percentile25_ratio": {"scales": [0.1967203201236918], "means": [1.4964195512189429], "variances": [0.03869888434956778]}, "all_correlation_best_percentile50_ratio": {"scales": [0.43368324740438075], "means": [2.3054599011092387], "variances": [0.1880811590792093]}, "all_correlation_best_percentile75_ratio": {"scales": [1.2072364150120316], "means": [4.463424721283598], "variances": [1.4574197617311024]}, "all_correlation_kurtosis": {"scales": [0.33603069177279016], "means": [-0.8451234798389744], "variances": [0.11291662581329992]}, "all_correlation_percentile5_percentile25_ratio": {"scales": [0.13866515500740106], "means": [1.3505397319312469], "variances": [0.019228025213226564]}, "all_correlation_skew": {"scales": [0.2680243565522629], "means": [0.2715243262740021], "variances": [0.07183705570525457]}, "all_correlation_stddev_best_ratio": {"scales": [0.020337509800836952], "means": [0.28548126709306654], "variances": [0.0004136143048991391]}, "all_correlation_stddev_median_ratio": {"scales": [0.12714333559275803], "means": [0.6577416293028006], "variances": [0.016165427785652695]}, "all_loss_best_percentile25_ratio": {"scales": [0.05347935067440481], "means": [0.8405168231889131], "variances": [0.0028600409485559624]}, "all_loss_best_percentile50_ratio": {"scales": [0.0829724394417293], "means": [0.7189509635418566], "variances": [0.006884425706911437]}, "all_loss_best_percentile75_ratio": {"scales": [0.12286927158153911], "means": [0.5401579158981388], "variances": [0.015096857898978015]}, "all_loss_kurtosis": {"scales": [5.473460090045877], "means": [8.078748866240923], "variances": [29.95876535732502]}, "all_loss_percentile5_percentile25_ratio": {"scales": [0.03798956744707138], "means": [0.8954772893366968], "variances": [0.0014432072348155855]}, "all_loss_skew": {"scales": [0.8472365883403097], "means": [2.8617186878959533], "variances": [0.7178098366225273]}, "all_loss_stddev_best_ratio": {"scales": [1.1443392903479672], "means": [1.845337060916222], "variances": [1.309512411434089]}, "all_loss_stddev_median_ratio": {"scales": [0.6969985812684348], "means": [1.3254043663429855], "variances": [0.48580702229021094]}, "log10_cardinality": {"scales": [2.1621260282834363], "means": [13.348542000875335], "variances": [4.674788962180707]}, "recent_10_correlation_best_percentile25_ratio": {"scales": [0.6289116120384144], "means": [2.1246289689610083], "variances": [0.39552981575675705]}, "recent_10_correlation_best_percentile50_ratio": {"scales": [2.2064522015139225], "means": [4.354147667033521], "variances": [4.868431317565636]}, "recent_10_correlation_best_percentile75_ratio": {"scales": [4.246906874424045], "means": [7.5821083635186275], "variances": [18.036218000030214]}, "recent_10_correlation_kurtosis": {"scales": [0.7805378857316274], "means": [-0.27970338214953144], "variances": [0.6092393910623991]}, "recent_10_correlation_percentile5_percentile25_ratio": {"scales": [0.45117101767007056], "means": [1.8142965268059918], "variances": [0.2035552871854471]}, "recent_10_correlation_skew": {"scales": [0.395648522518968], "means": [0.9029856387350106], "variances": [0.15653775337144232]}, "recent_10_correlation_stddev_best_ratio": {"scales": [0.024458458722896564], "means": [0.32058665009780735], "variances": [0.000598216203099635]}, "recent_10_correlation_stddev_median_ratio": {"scales": [0.7344975982736179], "means": [1.4096703359135552], "variances": [0.539486721869713]}, "recent_10_loss_best_percentile25_ratio": {"scales": [0.03606058816568296], "means": [0.9321197850779348], "variances": [0.001300366018854994]}, "recent_10_loss_best_percentile50_ratio": {"scales": [0.06091644429633351], "means": [0.8696389571911817], "variances": [0.0037108131857083036]}, "recent_10_loss_best_percentile75_ratio": {"scales": [0.11051515926061958], "means": [0.7730409223591164], "variances": [0.012213600426400111]}, "recent_10_loss_kurtosis": {"scales": [2.086567871118447], "means": [1.3491936315174056], "variances": [4.3537654807837685]}, "recent_10_loss_percentile5_percentile25_ratio": {"scales": [0.027692112299732077], "means": [0.9476002549725854], "variances": [0.0007668530836209726]}, "recent_10_loss_skew": {"scales": [0.7625106031372796], "means": [1.423295487985415], "variances": [0.5814224198967779]}, "recent_10_loss_stddev_best_ratio": {"scales": [0.8773073991060557], "means": [0.8707632272216957], "variances": [0.7696682725262322]}, "recent_10_loss_stddev_median_ratio": {"scales": [0.7109183798045469], "means": [0.7172986072537727], "variances": [0.5054049427439219]}, "recent_15%_correlation_best_percentile25_ratio": {"scales": [0.5847928480876768], "means": [2.05647821238751], "variances": [0.3419826751744967]}, "recent_15%_correlation_best_percentile50_ratio": {"scales": [2.0611742669534316], "means": [4.214357626212398], "variances": [4.248439358751017]}, "recent_15%_correlation_best_percentile75_ratio": {"scales": [4.310890774913581], "means": [7.7998248231649105], "variances": [18.583779273235017]}, "recent_15%_correlation_kurtosis": {"scales": [0.7486691347520563], "means": [-0.3641647826681491], "variances": [0.5605054733303927]}, "recent_15%_correlation_percentile5_percentile25_ratio": {"scales": [0.4186952637611521], "means": [1.762534191454024], "variances": [0.17530572389602073]}, "recent_15%_correlation_skew": {"scales": [0.39017277512510545], "means": [0.8587631937795551], "variances": [0.15223479444882612]}, "recent_15%_correlation_stddev_best_ratio": {"scales": [0.02625860644318686], "means": [0.3242368225772315], "variances": [0.0006895144123381745]}, "recent_15%_correlation_stddev_median_ratio": {"scales": [0.6854855130583327], "means": [1.3902080283377], "variances": [0.4698903886128457]}, "recent_15%_loss_best_percentile25_ratio": {"scales": [0.03339833302578641], "means": [0.931957194945901], "variances": [0.0011154486489013352]}, "recent_15%_loss_best_percentile50_ratio": {"scales": [0.055605710881341294], "means": [0.8712830386160341], "variances": [0.0030919950826193174]}, "recent_15%_loss_best_percentile75_ratio": {"scales": [0.10302055295587108], "means": [0.7752090599187863], "variances": [0.010613234331333437]}, "recent_15%_loss_kurtosis": {"scales": [2.8665929306997135], "means": [2.0456268143602565], "variances": [8.217355030337572]}, "recent_15%_loss_percentile5_percentile25_ratio": {"scales": [0.02514525431001086], "means": [0.9495675106620302], "variances": [0.0006322838143151197]}, "recent_15%_loss_skew": {"scales": [0.8631089983075757], "means": [1.6173631598017058], "variances": [0.7449571429595068]}, "recent_15%_loss_stddev_best_ratio": {"scales": [0.9083816340057024], "means": [0.9896632858455078], "variances": [0.8251571929988699]}, "recent_15%_loss_stddev_median_ratio": {"scales": [0.7498704792418849], "means": [0.8313762086285831], "variances": [0.5623057356384541]}, "recent_25_correlation_best_percentile25_ratio": {"scales": [0.46896929286154737], "means": [1.8744156395857106], "variances": [0.2199321976470598]}, "recent_25_correlation_best_percentile50_ratio": {"scales": [1.462425251147938], "means": [3.505155370170821], "variances": [2.1386876151951095]}, "recent_25_correlation_best_percentile75_ratio": {"scales": [2.990550133967802], "means": [6.33829663126741], "variances": [8.943390103774838]}, "recent_25_correlation_kurtosis": {"scales": [0.6422442516906393], "means": [-0.49421370459494046], "variances": [0.4124776788296692]}, "recent_25_correlation_percentile5_percentile25_ratio": {"scales": [0.3325432866176494], "means": [1.6309182110472351], "variances": [0.11058503747446813]}, "recent_25_correlation_skew": {"scales": [0.37976819090775277], "means": [0.7084959341258374], "variances": [0.14422387882534735]}, "recent_25_correlation_stddev_best_ratio": {"scales": [0.026576154857972142], "means": [0.3131723459520212], "variances": [0.0007062920070349162]}, "recent_25_correlation_stddev_median_ratio": {"scales": [0.49112231188278155], "means": [1.1167273440908652],