{"origStddev": 0.48389762632333905, "origMean": 0.48389762632333905, "predStddev": 0.034371560593413154, "predMean": 1.0749088483884424}