{"origStddev": 1.047658674627684, "origMean": 1.047658674627684, "predStddev": 0.18031537420321309, "predMean": 2.737807140839795}