{"origStddev": 12.761041440703883, "origMean": 12.761041440703883, "predStddev": 1.6619656371365878, "predMean": 15.495200625621095}