{"origStddev": 0.18069976127050288, "origMean": 0.18069976127050288, "predStddev": 0.020424984793963673, "predMean": 0.5328912381076227}