{"origStddev": 0.46417085239074257, "origMean": 0.46417085239074257, "predStddev": 0.20885203032970232, "predMean": 1.5027889355772266}