{"origStddev": 0.6237641182359839, "origMean": 0.6237641182359839, "predStddev": 0.05762863715412401, "predMean": 0.048240694813825036}