{"origStddev": 1.0239259098876325, "origMean": 1.0239259098876325, "predStddev": 0.12481817891794343, "predMean": 2.525600097766611}