{"origStddev": 3.672093103876685, "origMean": 3.672093103876685, "predStddev": 0.2395871446230657, "predMean": 4.752965189726059}