{"origStddev": 0.07675289093523993, "origMean": 0.07675289093523993, "predStddev": 0.007069246302433937, "predMean": 0.8083810209517611}