{"origStddev": 0.6768083582008948, "origMean": 0.6768083582008948, "predStddev": 0.022500986263217237, "predMean": 1.9611097157961577}